,City,Cloudiness,Country,Date,Humidity,Lat,Lng,Max Temp,Wind Speed
0,hirado,75,JP,1553121799,93,33.32,129.49,64.4,19.46
1,lavrentiya,0,RU,1553121964,100,65.58,-170.99,1.02,16.49
3,katsuura,75,JP,1553120470,82,33.93,134.5,62.01,24.16
4,harwich,1,US,1553121964,60,41.69,-70.08,43,13.87
6,srednekolymsk,0,RU,1553121965,60,67.46,153.71,-6.9,3.06
7,victoria,75,BN,1553119200,94,5.28,115.24,78.8,4.74
8,dikson,44,RU,1553121965,91,73.51,80.55,18.75,14.81
9,albany,20,US,1553121725,22,42.65,-73.75,53.6,9.17
11,vaini,0,IN,1553121966,87,15.34,74.49,60.24,0.94
12,ushuaia,75,AR,1553119200,87,-54.81,-68.31,48.2,23.04
13,rikitea,0,PF,1553121966,100,-23.12,-134.97,78.6,23.31
14,vila velha,40,BR,1553121493,78,-3.71,-38.6,82.4,4.7
15,hilo,90,US,1553121617,60,19.71,-155.08,75.2,6.93
16,bluff,0,AU,1553121966,73,-23.58,149.07,82.92,4.41
17,severo-kurilsk,32,RU,1553121966,100,50.68,156.12,24.24,18.28
19,micco,75,US,1553121959,72,27.85,-80.5,68,19.46
20,viedma,0,AR,1553121967,68,-40.81,-62.99,53.58,4.07
21,upernavik,0,GL,1553121959,100,72.79,-56.15,-14.91,10.22
22,saint-philippe,1,CA,1553121940,33,45.36,-73.48,46.4,5.82
23,puerto ayora,20,EC,1553121949,69,-0.74,-90.35,84,8.05
24,mahebourg,40,MU,1553121842,83,-20.41,57.7,80.6,8.05
26,henties bay,8,NA,1553119329,95,-22.12,14.28,59,1.01
27,nancha,76,CN,1553121968,69,47.14,129.26,21.72,5.19
28,havre-saint-pierre,40,CA,1553119200,79,50.23,-63.6,28.4,18.34
29,qaanaaq,8,GL,1553121968,99,77.48,-69.36,-31.11,7.87
30,hermanus,44,ZA,1553121912,95,-34.42,19.24,59,2.73
31,opuwo,64,NA,1553121968,29,-18.06,13.84,79.77,7.43
32,naze,75,NG,1553119200,88,5.43,7.07,80.6,3.74
33,tholen,90,NL,1553121952,87,51.54,4.22,52,1.12
34,phayao,36,TH,1553121969,90,19.17,99.9,65.01,2.39
35,ponta do sol,36,BR,1553121969,78,-20.63,-46,73.74,5.86
36,luderitz,0,NA,1553121969,75,-26.65,15.16,62.76,17.05
37,khatanga,68,RU,1553121680,81,71.98,102.47,13.44,10.45
38,sao miguel do araguaia,0,BR,1553121801,93,-13.28,-50.16,77.07,2.28
39,toktogul,92,KG,1553121969,99,41.87,72.95,30.72,1.16
40,jamestown,0,AU,1553121863,89,-33.21,138.6,71.04,4.63
41,castro,92,CL,1553119200,71,-42.48,-73.76,53.6,5.82
42,brae,92,GB,1553120400,93,60.4,-1.35,50,36.91
43,port alfred,56,ZA,1553121707,90,-33.59,26.89,66,3
44,labuhan,0,ID,1553121971,80,-2.54,115.51,78.69,2.39
45,nador,36,MA,1553119200,62,35.17,-2.93,57.2,14.99
46,komsomolskiy,80,RU,1553121971,93,67.55,63.78,28.2,11.23
47,norman wells,75,CA,1553119200,59,65.28,-126.83,35.6,9.17
48,mar del plata,0,AR,1553121971,84,-46.43,-67.52,54.03,9.1
49,torbay,75,CA,1553121971,53,47.66,-52.73,26.01,17.22
50,port elizabeth,90,US,1553121967,75,39.31,-74.98,48.99,10.29
51,hobart,75,AU,1553121675,88,-42.88,147.33,62.6,6.93
52,sao joao da barra,75,BR,1553119200,83,-21.64,-41.05,78.8,9.17
54,puro,68,PH,1553121972,89,13.13,123.76,76.89,3.96
55,tyulyachi,75,RU,1553119200,97,55.89,50.23,33.8,4.47
56,burgeo,0,CA,1553121972,99,47.61,-57.61,27.75,21.3
57,walvis bay,0,NA,1553119329,87,-22.95,14.51,59,2.24
59,bonthe,76,SL,1553121973,87,7.53,-12.5,80.85,5.08
60,husavik,0,CA,1553121973,94,50.56,-96.99,31.08,6.87
61,mataura,36,NZ,1553121605,97,-46.19,168.86,59,2.62
62,wuzhou,56,CN,1553121973,91,23.48,111.3,68.25,3.4
63,xichang,0,CN,1553121973,41,27.88,102.25,39.9,1.61
64,kodiak,1,US,1553121939,17,39.95,-94.76,59,16.11
65,amurrio,20,ES,1553121936,87,43.05,-3,45,2.24
66,port lincoln,68,AU,1553121709,87,-34.72,135.86,67.53,14.36
67,nome,90,US,1553121941,25,30.04,-94.42,77,4.7
68,yar-sale,0,RU,1553121974,77,66.83,70.83,17.49,11.79
69,kapaa,1,US,1553121802,61,22.08,-159.32,78.8,17.22
70,tiksi,76,RU,1553121975,72,71.64,128.87,-2.76,20.07
71,christchurch,0,NZ,1553121786,77,-43.53,172.64,68,18.34
72,nanning,75,CN,1553119200,94,22.83,108.3,71.6,4.47
73,council bluffs,1,US,1553121967,54,41.26,-95.86,57.2,19.46
74,sorland,32,NO,1553116800,86,67.67,12.69,37.4,11.41
75,pisco,0,PE,1553119200,30,-13.71,-76.2,71.6,24.16
76,constitucion,40,MX,1553121615,9,23.99,-104.67,72,3.96
77,busselton,64,AU,1553121914,55,-33.64,115.35,68,17.16
78,macas,75,EC,1553119200,78,-2.3,-78.12,75.2,8.05
79,sahuaripa,0,MX,1553121977,35,29.05,-109.23,72.12,2.06
80,atuona,32,PF,1553121977,99,-9.8,-139.03,82.74,15.7
81,namatanai,32,PG,1553121977,97,-3.66,152.44,84,4.97
83,maryborough,24,AU,1553121978,73,-25.54,152.7,78.87,2.84
84,cape town,0,ZA,1553121665,63,-33.93,18.42,60.8,12.75
85,kavaratti,0,IN,1553121978,100,10.57,72.64,82.38,3.96
86,port-gentil,75,GA,1553119200,94,-0.72,8.78,78.8,3.36
87,saint george,75,GR,1553121801,87,39.45,22.34,57.99,6.31
88,cabo san lucas,5,MX,1553121120,31,22.89,-109.91,81,11.41
89,bambous virieux,40,MU,1553121842,83,-20.34,57.76,80.6,8.05
90,peniche,0,PT,1553121637,76,39.36,-9.38,57.99,1.12
91,trairi,24,BR,1553121921,100,-3.28,-39.27,81.75,9.78
92,winneba,20,GH,1553119200,83,5.35,-0.62,84.2,12.75
93,homer,75,US,1553121968,66,59.64,-151.54,48.2,8.05
95,atar,12,MR,1553121695,22,20.52,-13.05,63.21,5.53
96,fortuna,20,ES,1553121935,75,38.18,-1.13,53.6,4.7
97,avera,1,US,1553121954,33,33.19,-82.53,66.2,3.36
98,san juan,75,PR,1553121936,69,18.47,-66.12,80.6,13.87
100,solnechnyy,36,RU,1553121983,67,50.72,136.64,12.09,3.62
101,ribeira grande,0,PT,1553121983,100,38.52,-28.7,59.79,9.66
102,zhigansk,0,RU,1553121983,42,66.77,123.37,-13.92,3.74
103,thompson,75,CA,1553119200,45,55.74,-97.86,48.2,16.11
104,juba,90,EE,1553121939,100,57.82,26.93,36,12.75
105,east london,88,ZA,1553121984,100,-33.02,27.91,69.69,11.9
106,kahului,90,US,1553121753,73,20.89,-156.47,78.01,4.7
107,praia da vitoria,75,PT,1553121066,82,38.73,-27.07,57.2,10.45
108,alcantara,76,PH,1553121984,99,9.97,123.41,77.7,10.45
109,ostrovnoy,0,RU,1553121985,84,68.05,39.51,13.62,10.11
110,dawei,0,MM,1553121985,87,14.07,98.19,71.94,1.72
112,sanmenxia,88,CN,1553121985,41,34.77,111.19,41.52,6.98
113,sao filipe,8,CV,1553121985,97,14.9,-24.5,70.77,14.03
114,kuytun,64,RU,1553121985,80,54.34,101.51,20.91,5.75
115,milove,8,RU,1553121986,72,49.38,40.13,23.34,2.84
116,araouane,0,ML,1553121986,18,18.9,-3.53,61.05,5.41
117,clearwater,1,US,1553121777,52,27.97,-82.8,73.99,12.75
118,bredasdorp,0,ZA,1553121912,77,-34.53,20.04,59,5.82
119,clyde river,75,CA,1553119200,75,70.47,-68.59,-20.21,10.29
120,bolshaya glushitsa,24,RU,1553121296,90,50.24,43.59,30.99,2.95
121,diffa,0,NE,1553121987,46,13.32,12.61,73.65,2.95
122,carnarvon,0,ZA,1553121987,45,-30.97,22.13,55.11,7.2
123,johi,20,PK,1553121987,67,26.69,67.61,64.92,2.95
124,santa rosa,0,AR,1553121988,60,-36.62,-64.29,54.57,6.2
125,bethel,90,US,1553120460,67,60.79,-161.76,21.2,31.09
126,santa maria,75,BR,1553119200,68,-29.69,-53.81,69.8,8.05
127,alofi,75,NU,1553119200,70,-19.06,-169.92,86,8.05
129,kaitangata,32,NZ,1553121989,90,-46.28,169.85,67.17,2.95
130,port blair,12,IN,1553121990,97,11.67,92.75,84.99,8.21
131,tuktoyaktuk,40,CA,1553119200,78,69.44,-133.03,8.6,5.82
133,strezhevoy,0,RU,1553119200,62,60.73,77.6,23,11.18
135,yenagoa,0,NG,1553121990,92,4.92,6.26,77.07,4.63
136,rybinsk,88,RU,1553121990,93,58.05,38.83,31.71,10
137,kindu,76,CD,1553121990,86,-2.95,25.92,74.37,2.17
138,ulaangom,0,MN,1553121991,47,49.98,92.07,-12.39,1.61
139,muros,0,ES,1553121910,87,42.77,-9.06,54,2.24
140,padang,75,ID,1553119200,88,-0.92,100.36,77,5.82
141,kpandu,44,GH,1553121991,92,7,0.29,77.52,5.41
142,fukue,75,JP,1553121809,87,35.03,136.69,57.2,12.75
143,kloulklubed,90,PW,1553118600,88,7.04,134.26,77,14.03
144,hauterive,0,FR,1553121958,56,46.09,3.45,42.8,1.12
145,terrace bay,24,CA,1553121992,84,48.78,-87.1,24.78,2.73
146,tasiilaq,0,GL,1553121708,100,65.61,-37.64,4.8,10.22
147,punta arenas,75,CL,1553121800,71,-53.16,-70.91,53.6,18.34
148,sena madureira,48,BR,1553121993,94,-9.07,-68.66,75.45,0.94
150,lebu,0,ET,1553121993,56,8.96,38.73,47.64,4.85
151,gat,76,SN,1553119200,88,14.69,-16.54,69.8,9.17
152,kingisepp,88,RU,1553121993,88,59.38,28.61,33.69,8.43
155,souillac,0,FR,1553121967,66,45.6,-0.6,50,5.82
156,ratangarh,0,IN,1553121994,91,28.07,74.62,58.44,3.51
157,samarai,36,PG,1553121994,100,-10.62,150.67,83.37,11.9
158,mayo,90,CA,1553119200,49,63.59,-135.9,48.2,11.41
159,asyut,68,EG,1553121994,62,27.18,31.19,54.66,4.97
160,nikolskoye,75,RU,1553121944,96,59.7,30.79,34,6.71
161,maturin,0,VE,1553121980,57,9.75,-63.18,83.19,9.44
162,diego de almagro,0,CL,1553121995,77,-26.39,-70.05,64.02,2.51
163,hovd,75,NO,1553121953,100,63.83,10.7,41,13.87
164,barrow,0,AR,1553121995,71,-38.31,-60.23,51.42,5.41
165,formiga,48,BR,1553121995,79,-20.46,-45.43,73.65,7.99
166,butaritari,80,KI,1553121996,100,3.07,172.79,81.75,6.98
167,derzhavinsk,0,KZ,1553121996,61,51.1,66.31,11.64,5.08
168,eureka,90,US,1553121507,76,40.8,-124.16,57,3.85
169,mehamn,40,NO,1553118600,80,71.03,27.85,33.8,16.11
170,kununurra,0,AU,1553119200,88,-15.77,128.74,78.8,1.12
171,beyneu,0,KZ,1553121997,86,45.32,55.19,36.66,2.84
172,mala,24,PE,1553121997,91,-12.66,-76.63,70.14,7.09
173,kaduna,36,NG,1553121997,53,10.52,7.44,80.04,8.55
174,leshukonskoye,0,RU,1553121998,89,64.9,45.76,22.44,4.52
175,chuy,8,UY,1553121999,79,-33.69,-53.46,60.96,13.91
176,halifax,20,CA,1553121851,47,44.65,-63.58,34,13.87
177,nelson bay,20,AU,1553121968,83,-32.72,152.14,77,5.82
178,olinda,75,EC,1553119200,59,-2.03,-79.75,89.6,8.05
179,svetlaya,92,RU,1553121999,100,46.54,138.33,24.42,18.05
180,pemba,40,MZ,1553119200,94,-12.97,40.52,80.6,5.82
181,batemans bay,76,AU,1553121906,67,-35.71,150.18,70,8.01
182,te anau,68,NZ,1553122000,73,-45.41,167.72,66.81,3.4
183,oxford,1,US,1553121913,23,33.61,-85.83,64.4,3.36
184,luanda,40,AO,1553119200,83,-8.83,13.24,82.4,9.17
185,dzaoudzi,0,YT,1553121000,94,-12.79,45.27,78.8,5.82
186,mpika,36,ZM,1553122000,90,-11.84,31.4,60.06,1.95
187,hukuntsi,0,BW,1553122001,43,-23.98,21.76,64.11,3.4
189,gloversville,1,US,1553121725,33,43.05,-74.34,53.6,4.07
190,goderich,92,CA,1553121813,80,43.74,-81.71,41,14
191,beaune,0,FR,1553121887,60,47.02,4.84,42.8,8.05
192,yulara,0,AU,1553119200,31,-25.24,130.99,75.2,5.82
193,new norfolk,75,AU,1553121974,88,-42.78,147.06,62.6,6.93
194,sampit,0,ID,1553122002,90,-2.54,112.95,77.52,4.97
195,los llanos de aridane,36,ES,1553121304,68,28.66,-17.92,64.4,11.41
196,north myrtle beach,90,US,1553121999,81,33.83,-78.68,51.8,12.75
197,chicama,40,PE,1553119200,83,-7.84,-79.15,71.6,11.41
199,pasighat,92,IN,1553122002,97,28.06,95.33,53.13,1.61
200,dingle,20,PH,1553121959,73,11,122.67,79.32,13.13
202,kalundborg,90,DK,1553121946,93,55.68,11.1,44.01,4.7
203,pevek,64,RU,1553122003,90,69.7,170.27,-6.81,4.29
204,whitehorse,75,CA,1553121777,39,60.72,-135.06,55,16.11
205,yellowknife,20,CA,1553119200,52,62.45,-114.38,44.6,23.04
206,muli,0,IN,1553122003,89,22.62,71.45,63.12,9.66
207,ambon,90,FR,1553121987,87,47.55,-2.56,52,5.82
209,newtonmore,92,GB,1553121905,81,57.07,-4.12,54,23.04
210,morondava,20,MG,1553122004,91,-20.3,44.28,79.77,2.17
211,salisbury,75,GB,1553121664,87,51.07,-1.8,50,2.24
212,kisangani,20,CD,1553122004,87,0.52,25.21,76.26,2.28
213,ierapetra,75,GR,1553121880,87,35.01,25.74,59,6.93
214,kulhudhuffushi,92,MV,1553122004,96,6.62,73.07,85.35,12.24
215,pecos,90,US,1553121748,54,31.42,-103.49,59,3.36
216,geraldton,75,CA,1553119200,69,49.72,-86.95,37.4,6.93
217,san quintin,0,PH,1553122005,54,17.54,120.52,77.43,3.85
218,belmonte,0,PT,1553121785,69,40.36,-7.35,40.17,5.64
219,maracaju,24,BR,1553121708,82,-21.61,-55.17,68.07,10.11
220,kathmandu,20,NP,1553118600,93,27.71,85.32,48.2,4.7
221,mango,0,IT,1553121983,34,44.69,8.15,51.8,4.7
222,hambantota,0,LK,1553116200,100,6.12,81.12,75.2,3.36
223,bundaberg,44,AU,1553121908,74,-24.87,152.35,88,6.93
224,kudahuvadhoo,44,MV,1553122006,100,2.67,72.89,82.74,8.1
225,candido mendes,88,BR,1553122006,100,-1.45,-45.72,79.95,7.65
226,baykit,80,RU,1553122006,69,61.68,96.39,12.45,2.62
227,marystown,76,CA,1553121721,100,47.17,-55.16,28,20.74
228,sinjar,24,SY,1553122007,65,35.59,37,45.39,2.39
229,turukhansk,92,RU,1553121722,86,65.8,87.96,24.24,19.73
230,nuuk,75,GL,1553118600,60,64.17,-51.74,6.8,4.7
231,codrington,40,AU,1553121990,94,-28.95,153.24,79,3.4
232,santa cruz cabralia,0,BR,1553119200,83,-16.28,-39.02,80.6,4.7
234,port keats,0,AU,1553122008,80,-14.25,129.55,90.03,9.78
235,lompoc,90,US,1553121683,76,34.64,-120.46,62.6,5.82
236,jacareacanga,8,BR,1553122008,80,-6.22,-57.76,80.94,3.29
237,menongue,76,AO,1553122008,55,-14.66,17.68,73.29,3.51
238,lata,76,IN,1553122008,100,30.78,78.62,36.66,1.72
239,taoudenni,76,ML,1553122008,17,22.68,-3.98,60.6,4.18
241,coari,8,BR,1553122008,93,-4.09,-63.14,78.87,2.73
242,laguna,5,MX,1553118000,27,27.52,-110.01,86,9.17
243,lincoln,20,US,1553121820,47,40.8,-96.67,57.99,17.22
244,hithadhoo,12,MV,1553122010,100,-0.6,73.08,84.45,4.29
245,tuatapere,68,NZ,1553121605,97,-46.13,167.69,59,2.84
247,altagracia de orituco,0,VE,1553121731,49,9.86,-66.38,85.17,12.68
248,chokurdakh,0,RU,1553122010,47,70.62,147.9,-15.99,9.1
250,moose factory,1,CA,1553119200,87,51.26,-80.61,32,5.82
251,bonanza,88,NI,1553122011,69,14.03,-84.62,77.61,4.41
252,hasaki,75,JP,1553119800,87,35.73,140.83,57.2,9.17
253,friedland,75,DE,1553121938,71,52.11,14.26,51.01,10.29
254,pimenta bueno,32,BR,1553122012,84,-11.68,-61.19,79.32,2.28
255,neyshabur,20,IR,1553122012,88,36.21,58.79,28.74,5.3
256,marsh harbour,56,BS,1553122012,100,26.54,-77.06,70.68,17.05
257,ponta pora,90,BR,1553119200,88,-22.54,-55.73,68,9.17
258,dunnville,90,CA,1553122003,49,42.9,-79.62,50,5.82
259,namibe,0,AO,1553122012,100,-15.19,12.15,76.8,2.73
261,itaituba,68,BR,1553122012,86,-4.26,-55.99,78.87,4.07
262,georgetown,20,GY,1553119200,74,6.8,-58.16,82.4,11.41
263,dembi dolo,44,ET,1553122013,73,8.53,34.8,65.55,0.72
264,roros,48,NO,1553120400,86,62.57,11.38,30.2,4.7
265,margate,75,AU,1553121974,88,-43.03,147.26,62.6,6.93
266,arraial do cabo,40,BR,1553119200,74,-22.97,-42.02,80.6,9.17
267,kavieng,56,PG,1553122014,98,-2.57,150.8,84.9,5.97
270,aklavik,75,CA,1553119200,53,68.22,-135.01,21.2,11.41
271,ghorawal,0,IN,1553122014,85,24.75,82.78,61.86,2.73
272,dakar,48,SN,1553119200,94,14.69,-17.45,69.8,4.7
273,saskylakh,64,RU,1553122015,77,71.97,114.09,9.12,11.45
274,shetpe,8,KZ,1553122015,92,44.14,52.16,32.07,4.74
275,tiarei,75,PF,1553121796,70,-17.53,-149.33,86,6.93
276,cap malheureux,40,MU,1553121842,83,-19.98,57.61,80.6,8.05
277,ustyuzhna,76,RU,1553122015,88,58.84,36.43,30.81,6.98
278,ambilobe,20,MG,1553122016,93,-13.19,49.05,71.49,2.62
279,santa fe,80,AR,1553121651,60,-31.62,-60.7,66.99,5.01
280,narsaq,76,GL,1553118600,85,60.91,-46.05,17.6,9.17
281,ilulissat,75,GL,1553118600,35,69.22,-51.1,-9.41,10.29
282,comodoro rivadavia,0,AR,1553119200,62,-45.87,-67.48,59,6.93
283,dharchula,92,IN,1553122017,99,29.85,80.53,31.35,1.61
284,beneditinos,75,BR,1553119200,78,-5.46,-42.36,80.6,4.7
286,sao miguel dos campos,0,BR,1553119200,78,-9.78,-36.09,82.4,10.29
287,thinadhoo,76,MV,1553121771,100,0.53,72.93,84.72,6.42
288,prince rupert,1,CA,1553119200,66,54.32,-130.32,51.8,2.24
289,rockford,40,US,1553121747,87,42.27,-89.09,48.99,6.93
290,erenhot,0,CN,1553122018,59,43.65,111.97,14.88,4.63
291,san vicente de canete,32,PE,1553122018,87,-13.08,-76.38,68.61,2.73
292,chabahar,20,IR,1553122018,98,25.29,60.65,71.22,11.68
294,teknaf,0,BD,1553122018,88,20.86,92.31,66.27,2.39
295,airai,0,TL,1553122018,75,-8.93,125.41,76.98,0.83
296,ostersund,76,SE,1553121707,69,63.18,14.64,37.4,8.05
297,aasiaat,0,GL,1553122019,100,68.71,-52.87,-11.58,10.22
298,atasu,20,KZ,1553122019,80,48.68,71.64,12.81,3.62
299,zambezi,36,ZM,1553122019,84,-13.55,23.12,65.46,4.29
300,petropavlovsk-kamchatskiy,0,RU,1553119200,40,53.05,158.65,15.8,17.9
302,takoradi,88,GH,1553122019,100,4.89,-1.75,81.39,9.33
304,north vernon,90,US,1553121923,37,39.01,-85.62,57,9.17
305,damietta,0,EG,1553122020,96,31.42,31.81,52.23,7.43
306,magburaka,88,SL,1553122020,63,8.72,-11.95,82.29,10.22
307,meulaboh,92,ID,1553122020,100,4.14,96.13,78.51,3.06
308,lappeenranta,90,FI,1553121761,82,61.06,28.19,33.8,11.41
310,iquique,0,CL,1553119200,56,-20.22,-70.14,73.4,9.17
311,oranjemund,0,ZA,1553122020,96,-28.55,16.43,63.84,26.78
312,karasuk,56,RU,1553122021,73,53.73,78.03,8.58,3.62
314,antalaha,48,MG,1553122021,94,-14.9,50.28,77.97,7.43
315,la ronge,20,CA,1553119200,25,55.1,-105.3,60.8,9.17
316,banda aceh,48,ID,1553122021,98,5.56,95.32,75.99,0.72
317,xam nua,20,LA,1553122021,76,20.42,104.04,66.99,3.96
318,minab,68,IR,1553119200,88,27.15,57.07,64.4,2.24
319,plettenberg bay,88,ZA,1553122022,100,-34.05,23.37,64.65,9.66
320,izhma,80,RU,1553122022,91,65.01,53.91,31.26,4.52
321,russell,0,AR,1553119200,25,-33.01,-68.8,66.2,6.93
322,healdsburg,75,US,1553122022,62,38.61,-122.87,61,10.29
323,beringovskiy,80,RU,1553122023,100,63.05,179.32,3.09,8.43
324,nikolayevsk-na-amure,8,RU,1553122023,99,53.14,140.72,3.81,2.73
325,veraval,0,FR,1553121976,87,49.65,0.71,48,5.82
326,victor harbor,75,AU,1553121962,68,-35.55,138.62,71.01,14.99
327,agirish,24,RU,1553121776,90,61.92,63.02,24.15,4.63
328,ayan,12,TR,1553122024,61,40.67,33.6,23.97,2.17
330,cidreira,88,BR,1553121730,95,-30.17,-50.22,65.37,15.03
331,zyryanka,0,RU,1553122024,71,65.73,150.89,-5.82,3.18
332,shenjiamen,92,CN,1553122025,95,29.96,122.3,59.7,6.53
333,bathsheba,0,BB,1553119200,65,13.22,-59.52,78.8,11.41
334,saint-joseph,0,FR,1553122024,65,43.56,6.97,48.99,2.24
335,hofn,8,IS,1553122025,100,64.25,-15.21,36.39,24.43
336,nemuro,76,JP,1553122026,99,43.32,145.57,31.89,15.82
337,kirakira,68,SB,1553122026,100,-10.46,161.92,80.76,8.99
338,yavatmal,0,IN,1553122026,95,20.39,78.13,65.37,4.97
340,lufkin,75,US,1553121624,37,31.34,-94.73,71.01,8.05
341,karratha,8,AU,1553122027,52,-20.74,116.85,84.99,4.63
342,sitka,0,US,1553121089,18,37.17,-99.65,64,11.01
343,port moresby,40,PG,1553119200,83,-9.47,147.16,78.8,4.7
344,wum,68,CM,1553122028,91,6.39,10.08,67.35,2.39
345,vershino-shakhtaminskiy,48,RU,1553122028,67,51.3,117.89,8.04,2.39
346,ormara,48,PK,1553122028,96,25.21,64.64,67.71,4.97
347,zvishavane,0,ZW,1553122028,89,-20.32,30.05,60.96,2.62
348,velingara,36,SN,1553122029,59,13.64,-16.01,73.02,8.32
350,hay river,40,CA,1553119200,49,60.82,-115.79,46.4,5.82
351,ancud,92,CL,1553119200,71,-41.87,-73.83,53.6,5.82
352,muskogee,40,US,1553122017,21,35.75,-95.37,62.6,12.75
353,neryungri,20,RU,1553122029,66,56.66,124.71,0.21,6.64
355,santa isabel,75,CO,1553119200,83,4.71,-75.1,77,3.36
356,kruisfontein,32,ZA,1553122030,100,-34,24.73,64.56,8.21
357,pilar,20,AR,1553121904,37,-34.46,-58.91,66.2,3.36
358,rawson,0,AR,1553122030,45,-43.3,-65.11,57.72,12.46
359,vao,0,EE,1553122031,92,59.1,26.19,32.7,9.44
360,bandarbeyla,0,SO,1553122031,100,9.49,50.81,77.25,7.43
361,ca mau,0,VN,1553122031,98,9.18,105.15,76.26,3.06
362,nishihara,20,JP,1553121986,57,35.74,139.53,63,6.93
363,beauceville,12,CA,1553122031,63,46.21,-70.77,31.26,5.3
365,valparaiso,90,US,1553122003,81,41.47,-87.06,46.4,7.76
366,lagoa,20,PT,1553122029,71,37.14,-8.45,57.99,5.82
367,garoua,0,CM,1553122032,57,9.31,13.39,73.2,2.62
368,dunedin,0,NZ,1553121692,80,-45.87,170.5,64,10
369,gazanjyk,32,TM,1553122032,97,39.24,55.52,41.07,6.2
370,kothapet,20,IN,1553121999,94,17.37,78.55,75.99,5.82
371,bilibino,20,RU,1553122034,67,68.06,166.44,-10.23,3.18
372,mata de sao joao,40,BR,1553119200,89,-12.53,-38.3,86,13.87
373,mumbwa,0,ZM,1553122034,61,-14.99,27.06,63.48,3.96
374,nanortalik,80,GL,1553122034,100,60.14,-45.24,29.55,26.55
375,tabuk,0,PH,1553122034,70,17.41,121.44,69.69,2.17
376,plastun,92,RU,1553122035,76,44.76,136.29,26.13,7.99
377,san cristobal,75,EC,1553121908,60,-0.39,-78.55,68,11.41
378,uige,80,AO,1553122035,96,-7.61,15.06,66.27,2.28
379,waddan,0,LY,1553122035,58,29.16,16.14,52.59,7.76
380,mecca,0,SA,1553121782,90,21.43,39.83,62.94,2.62
381,broken hill,48,AU,1553119200,22,-31.97,141.45,78.8,10.29
382,midland,40,US,1553121910,45,32,-102.08,62.6,6.93
383,paredon,80,BO,1553122036,97,-18.93,-65.16,48.99,2.39
384,ossora,92,RU,1553122036,93,59.24,163.07,29.19,22.19
385,natal,20,BR,1553119200,74,-5.81,-35.21,84.2,9.17
386,ladario,0,PT,1553121930,56,40.7,-7.74,54,7
387,morant bay,20,JM,1553119200,54,17.88,-76.41,82.4,6.93
389,arman,24,RU,1553122037,58,59.7,150.17,7.32,4.41
390,fort-shevchenko,92,KZ,1553122037,100,44.51,50.26,39.54,8.43
391,saint-augustin,0,FR,1553121922,66,44.83,-0.61,50,8.05
392,tezu,92,IN,1553122038,99,27.93,96.16,49.89,1.61
393,mandera,0,ET,1553122038,32,3.94,41.86,77.52,7.31
394,hualmay,20,PE,1553122038,74,-11.1,-77.61,72.21,5.08
395,iberia,20,PE,1553122038,92,-11.41,-69.49,77.25,1.95
396,tupik,48,RU,1553122038,59,54.43,119.94,8.76,2.39
397,quatre cocos,40,MU,1553121842,83,-20.21,57.76,80.6,8.05
398,stettler,0,CA,1553119204,36,52.32,-112.71,55.99,1.99
399,olsztyn,90,PL,1553119200,95,53.78,20.48,46.4,12.75
400,rio gallegos,0,AR,1553119200,48,-51.62,-69.22,60.8,13.87
401,altamira,8,BR,1553121956,92,-3.2,-52.21,75.9,3.29
402,falun,80,SE,1553121938,60,60.61,15.63,39.2,4.7
403,cherskiy,48,RU,1553122040,64,68.75,161.3,-8.16,3.18
406,dali,0,CN,1553122040,90,25.6,100.24,44.94,3.62
407,snasa,92,NO,1553122040,92,64.25,12.38,33.42,5.41
409,safranbolu,20,TR,1553122040,100,41.25,32.69,32.07,2.17
410,panaba,20,MX,1553122041,54,21.28,-88.27,79.77,8.88
411,general roca,0,AR,1553119200,21,-39.03,-67.58,69.8,9.17
412,champerico,40,MX,1553118060,54,16.38,-93.6,80.6,18.34
413,banjarmasin,20,ID,1553119200,94,-3.32,114.59,78.8,2.24
414,cambridge,75,GB,1553121964,87,52.2,0.12,51.01,6.93
415,avarua,92,CK,1553119200,79,-21.21,-159.78,84.2,4.7
416,bima,80,ID,1553122042,92,-8.45,118.73,79.41,5.41
417,fare,0,PF,1553122042,100,-16.7,-151.02,84.36,3.18
418,cascais,0,PT,1553121956,58,38.7,-9.42,59,6.93
419,tuim,8,RU,1553122042,61,54.34,89.93,3.36,2.39
420,saryg-sep,48,RU,1553122043,67,51.49,95.55,7.5,2.95
421,urambo,8,TZ,1553122044,93,-5.07,32.07,64.65,2.17
422,carutapera,88,BR,1553121750,94,-1.2,-46.02,78.69,5.97
423,taltal,0,CL,1553121765,87,-25.41,-70.49,61.41,2.39
424,riyadh,0,SA,1553119200,22,24.63,46.72,66.2,8.05
426,port hardy,20,CA,1553119200,41,50.7,-127.42,60.8,3.36
427,san andres,12,PH,1553122045,100,13.32,122.68,80.22,10.67
428,cunha,75,BR,1553119200,78,-23.08,-44.96,71.6,3.36
430,iracoubo,100,GF,1553122046,78,5.48,-53.21,78.69,5.41
431,kurchum,76,KZ,1553122046,84,48.57,83.65,14.79,2.84
432,xiamen,12,CN,1553119200,100,24.46,118.07,64.4,2.24
433,bakreswar,12,IN,1553122046,67,23.88,87.37,59.34,2.51
434,phalaborwa,0,ZA,1553122047,80,-23.95,31.14,72.12,2.51
435,nouadhibou,36,MR,1553119200,82,20.93,-17.03,64.4,14.99
436,touros,20,BR,1553119200,83,-5.2,-35.46,82.4,6.93
437,aykhal,0,RU,1553122047,35,65.95,111.51,-11.67,3.29
438,trincomalee,8,LK,1553122047,90,8.58,81.23,71.04,4.18
439,sinnamary,100,GF,1553122047,100,5.38,-52.96,78.15,10.22
440,paciran,48,ID,1553122048,95,-6.9,112.33,76.35,4.29
441,galmaarden,0,BE,1553122026,93,50.75,3.97,53.01,3.36
442,babu,0,CN,1553122049,70,23.23,104.89,62.31,5.3
443,hit,0,IQ,1553122049,63,33.64,42.83,38.37,2.62
444,coquimbo,0,CL,1553119200,72,-29.95,-71.34,60.8,12.75
445,kano,0,NG,1553119200,42,11.99,8.53,80.6,2.24
446,bubaque,0,GW,1553122050,100,11.28,-15.83,76.08,10.22
448,rocha,8,UY,1553122050,67,-34.48,-54.34,56.37,8.66
449,aksu,0,KZ,1553119200,92,52.04,76.93,14,4.47
450,concepcion del uruguay,8,AR,1553121829,64,-32.48,-58.24,64,4
451,brigantine,1,US,1553121783,65,39.41,-74.36,46.99,10.29
452,la orilla,0,MX,1553122051,74,18,-102.23,80.04,6.64
453,provideniya,0,RU,1553119200,46,64.42,-173.23,10.4,4.47
454,berdigestyakh,0,RU,1553122051,56,62.1,126.7,-11.76,2.73
455,povoa de varzim,0,PT,1553122026,93,41.38,-8.76,55,3.36
456,mongoumba,24,CD,1553122051,88,3.64,18.59,77.25,4.41
457,kulu,12,CD,1553122052,79,3.47,23.69,75.63,2.17
458,saint-georges,12,CA,1553122052,63,46.12,-70.67,31.26,5.3
460,mezen,20,RU,1553122052,82,65.85,44.24,23.61,5.19
461,sao jose da coroa grande,0,BR,1553122052,80,-8.9,-35.15,82.92,14.14
462,nioro,8,GM,1553122052,62,13.79,-15.05,75.45,3.18
463,ajdabiya,0,LY,1553122053,33,30.75,20.22,69.51,15.59
464,porto novo,75,BR,1553119200,88,-23.68,-45.44,71.6,4.7
465,poum,56,MK,1553122053,94,41.28,20.71,35.67,1.5
466,shimoda,75,JP,1553121773,81,34.7,138.93,54,2.24
467,leo,92,BF,1553122053,43,11.1,-2.1,85.62,9.55
468,beloha,80,MG,1553121777,90,-25.17,45.06,74.01,3.29
469,coro,0,VE,1553122054,72,11.41,-69.67,80.22,11.9
470,mkushi,0,ZM,1553122054,72,-13.61,29.4,64.83,4.74
471,grafton,90,AU,1553119200,83,-29.69,152.93,71.6,4.7
472,esperance,20,TT,1553121977,74,10.24,-61.45,82.99,11.41
473,klaksvik,32,FO,1553120400,86,62.23,-6.59,41,19.46
474,khatassy,0,RU,1553119200,74,61.91,129.64,-25.61,2.62
475,matara,68,PE,1553122056,93,-13.74,-72.9,46.29,1.95
476,salalah,0,OM,1553118600,65,17.01,54.1,77,3.36
478,samfya,88,ZM,1553122056,99,-11.37,29.56,64.74,3.74
479,kota belud,75,MY,1553121616,94,6.35,116.43,75.2,3.36
481,lakes entrance,68,AU,1553121889,90,-37.88,147.99,69.01,1.99
482,samana,90,EC,1553119200,78,0.12,-76.97,80.6,14.99
483,hamilton,90,CA,1553122040,49,43.26,-79.87,50,5.82
484,cuamba,68,MZ,1553122058,92,-14.8,36.54,69.15,2.84
485,pangnirtung,5,CA,1553119200,60,66.15,-65.72,-27.41,2.24
486,chiguayante,0,CL,1553119200,59,-36.93,-73.02,60.8,16.11
487,pampa,1,US,1553121921,17,35.54,-100.96,64.4,9.17
489,duluth,90,US,1553122006,81,46.77,-92.13,41,8.05
490,biak,88,ID,1553122060,96,-0.91,122.88,81.03,1.83
491,aberfeldy,40,GB,1553122027,93,56.62,-3.87,54,19.46
492,lampang,0,TH,1553121917,82,18.29,99.49,77,1.72
493,diadi,0,PH,1553122060,73,16.66,121.37,69.15,2.17
494,vestmanna,64,FO,1553120400,86,62.16,-7.17,41,19.46
495,saint-francois,0,FR,1553121976,80,46.42,3.91,35.6,6.2
497,kodinsk,88,RU,1553122062,82,58.6,99.18,21.09,4.63
498,marsaxlokk,75,MT,1553122036,82,35.84,14.54,59,20.8
500,yeniseysk,80,RU,1553122063,87,58.45,92.17,21.27,4.18
501,galway,75,IE,1553121784,87,53.27,-9.05,52,6.93
502,inhambane,8,MZ,1553122064,99,-23.87,35.38,76.62,6.64
503,dengzhou,80,CN,1553122065,53,32.69,112.08,56.46,2.95
504,polyarnyy,0,RU,1553119200,85,69.2,33.45,15.8,6.71
505,anadia,0,BR,1553119200,78,-9.68,-36.31,82.4,10.29
506,nivala,0,FI,1553121913,92,63.93,24.96,28,3
507,pacifica,40,US,1553122024,71,37.61,-122.49,62.6,8.05
508,soyo,68,AO,1553122065,95,-6.13,12.37,76.26,3.62
509,dubbo,0,AU,1553119200,64,-32.25,148.6,73.4,13.87
510,gunjur,0,GM,1553119200,94,13.18,-16.76,69.8,6.93
512,xinpu,20,TW,1553121924,88,24.83,121.07,75.2,14.99
513,vestmannaeyjar,80,IS,1553122066,90,63.44,-20.27,36.39,21.85
514,moyale,0,ET,1553122066,51,3.52,39.05,67.71,6.31
515,ahipara,32,NZ,1553122066,68,-35.17,173.16,75.63,11.12
516,teltow,75,DE,1553121978,76,52.4,13.26,52,9.17
517,myitkyina,12,MM,1553122067,97,25.38,97.4,56.28,2.51
518,puerto madryn,0,AR,1553122067,78,-42.77,-65.04,61.23,17.27
519,rengasdengklok,20,ID,1553122034,88,-6.16,107.3,77,9.1
521,tangwani,0,PK,1553122067,73,28.28,69,59.97,5.64
522,yarmouth,75,GB,1553122058,87,50.71,-1.5,48.99,2.24
523,san carlos de bariloche,0,AR,1553119200,15,-41.13,-71.31,64.4,8.05
524,kasempa,12,ZM,1553122068,89,-13.46,25.83,58.98,2.39
527,guia de isora,40,ES,1553121928,87,28.21,-16.78,64.4,9.17
528,saint-leu,0,RE,1553122064,69,-21.15,55.28,80.6,8.05
529,izumo,75,JP,1553119200,67,35.37,132.75,62.6,28.86
530,kenora,1,CA,1553121300,52,49.76,-94.48,42.8,3.96
532,emerald,0,AU,1553121859,78,-23.53,148.16,78.01,8.05
533,port augusta,90,AU,1553121930,83,-32.49,137.76,73.99,14.99
534,camopi,88,GF,1553122069,91,3.17,-52.33,76.35,2.95
535,krasnopavlivka,88,UA,1553122069,88,49.15,36.33,41.07,10.11
536,maragogi,0,BR,1553122070,80,-9.01,-35.22,82.92,14.14
537,chimbote,32,PE,1553122070,85,-9.08,-78.59,71.94,7.2
538,saint-louis,0,CH,1553121935,56,47.59,7.56,41,1.12
539,york,40,GB,1553122023,87,53.96,-1.08,54,4.7
540,cayenne,75,GF,1553121000,74,4.94,-52.33,80.6,6.93
541,dandong,92,CN,1553122071,97,40.12,124.37,42.6,6.76
542,fuengirola,75,ES,1553122026,76,36.54,-4.62,55.4,13.87
543,paamiut,76,GL,1553122071,100,61.99,-49.67,24.69,8.43
545,sungairaya,24,ID,1553122071,86,0.7,108.9,78.06,5.19
546,sola,75,NO,1553121943,100,58.89,5.65,46,11.41
547,thai binh,90,VN,1553119200,94,20.45,106.33,77,5.82
549,san patricio,20,PY,1553122072,66,-26.98,-56.83,71.49,6.98
550,tasgaon,0,IN,1553122072,86,17.04,74.6,57.99,2.95
551,ayr,40,GB,1553121976,100,55.46,-4.63,53.6,14.99
553,krugersdorp,0,ZA,1553122045,39,-26.1,27.78,68,2.24
554,wynyard,0,CA,1553122073,88,51.77,-104.18,39.09,5.08
555,adrar,0,DZ,1553119200,34,27.87,-0.29,62.6,13.87
556,ballarat,92,AU,1553121911,77,-37.56,143.86,64.99,6.98
557,vostok,92,RU,1553122073,82,46.45,135.83,28.47,3.62
558,honolulu,40,US,1553121815,47,21.3,-157.86,80.6,12.75
559,muzhi,20,RU,1553122073,68,65.4,64.7,11.82,4.97
562,carauari,48,BR,1553122073,94,-4.88,-66.9,77.88,2.73
563,qaqortoq,80,GL,1553118600,85,60.72,-46.03,17.6,9.17
564,kashima,75,JP,1553122041,93,33.1,130.1,64.99,16.11
565,itoigawa,92,JP,1553121807,92,37.02,137.87,51.01,3
566,karonga,48,MW,1553122074,100,-9.94,33.93,76.62,1.39
568,moletai,90,LT,1553122034,60,55.23,25.42,41,12.75
569,pacific grove,20,US,1553121974,62,36.62,-121.92,61,9.17
571,woodstock,90,CA,1553122066,60,43.13,-80.75,46.4,11.41
572,piacabucu,0,BR,1553122075,72,-10.41,-36.43,83.64,7.76
573,quelimane,75,MZ,1553119200,94,-17.88,36.89,77,5.82
574,sebinkarahisar,0,TR,1553122075,70,40.29,38.42,15.78,2.06
575,storforshei,75,NO,1553121611,92,66.4,14.52,35.6,5.82
577,vicksburg,1,US,1553121093,22,32.35,-90.88,70,5.82
578,romny,0,UA,1553122077,76,50.74,33.49,29.55,6.42
579,vardo,1,US,1553122074,27,39.62,-77.74,52,8.05
580,saint-pierre,0,FR,1553122026,87,48.95,4.24,42.8,5.82
582,kirillov,88,RU,1553122078,92,59.86,38.38,31.08,8.43
583,san jose,12,PH,1553122079,86,15.79,120.99,72.75,3.06
584,amboise,0,FR,1553121907,70,47.41,0.98,48.2,3.36
585,balakhta,56,RU,1553122079,92,55.38,91.62,19.29,2.73
586,fayaoue,64,NC,1553122079,100,-20.65,166.53,80.76,15.37
587,isangel,75,VU,1553119200,70,-19.55,169.27,84.2,8.05
588,sur,0,OM,1553122080,97,22.57,59.53,71.04,3.96
589,benghazi,8,LY,1553122080,82,32.12,20.07,67.17,23.2
590,kankon,0,IN,1553122080,100,15.02,74.02,79.32,9.78
591,ust-tsilma,76,RU,1553122080,89,65.44,52.15,28.02,5.08
592,talnakh,88,RU,1553122081,87,69.49,88.39,20.55,25.32
593,sept-iles,75,CA,1553122015,69,50.2,-66.38,33.8,14.99
594,nizwa,0,OM,1553122081,61,22.93,57.53,52.41,3.96
595,ishigaki,40,JP,1553119200,94,24.34,124.16,75.2,8.05
596,mayuge,0,UG,1553122082,73,0.46,33.48,67.35,0.94
597,port said,48,EG,1553122082,47,25.34,30.55,54.21,5.75
598,markova,75,RU,1553122018,92,52.21,104.21,17.6,4.47
599,qeshm,56,IR,1553119200,88,26.96,56.27,68,2.24
600,port hedland,48,AU,1553119200,83,-20.31,118.58,82.4,8.05
601,mercedes,0,UY,1553122083,72,-33.25,-58.03,58.26,8.55
602,dongli,8,CN,1553119200,100,24.18,117.61,64.4,2.24
603,balkanabat,80,TM,1553122083,93,39.51,54.36,41.61,2.95
604,curanilahue,0,CL,1553122084,76,-37.48,-73.35,54.12,6.2
605,divnogorsk,40,RU,1553119200,85,55.96,92.38,23,4.47
606,yeppoon,0,AU,1553119200,69,-23.13,150.74,77,1.12
607,makanya,0,TZ,1553122084,95,-4.36,37.82,66.81,2.28
608,aqtobe,0,KZ,1553119200,92,50.28,57.21,24.8,4.47
609,byron bay,75,AU,1553121990,99,-28.65,153.62,81,6.93
610,cartagena,0,ES,1553121923,62,37.63,-1,53.6,8.05
611,lewistown,40,US,1553121996,62,40.39,-90.15,52,11.41
612,angoche,12,MZ,1553122086,99,-16.23,39.91,82.92,11.45
614,bom jesus,20,BR,1553119200,83,-5.99,-35.58,84.2,6.93
616,zurrieq,75,MT,1553122036,82,35.83,14.47,59,20.8
618,dawson creek,1,CA,1553119200,33,55.76,-120.23,57.2,4.7
619,shellbrook,20,CA,1553119200,90,53.22,-106.39,46.4,6.93
620,saint anthony,1,US,1553122001,31,43.97,-111.68,57.2,9.17
621,lasa,20,CY,1553121920,87,34.92,32.53,59,6.93
622,nabire,0,ID,1553122088,76,-3.36,135.5,77.52,1.72
623,bandrele,0,YT,1553121000,94,-12.91,45.19,78.8,5.82
624,suoyarvi,92,RU,1553122088,90,62.08,32.35,30.72,5.97
626,najran,5,SA,1553119200,65,17.54,44.22,69.8,2.95
628,umm kaddadah,8,SD,1553122088,21,13.6,26.69,63.93,8.32
629,zaranj,0,AF,1553122089,48,30.95,61.86,52.86,8.21
630,fredericksburg,40,US,1553121616,56,30.28,-98.87,75,14.99
631,bowen,92,AU,1553122000,94,-20.01,148.25,81,4.7
632,north bend,20,US,1553121053,76,43.41,-124.22,57.2,12.75
633,college,90,US,1553121907,73,64.86,-147.8,41,11.56
634,zhezkazgan,44,KZ,1553122089,79,47.8,67.71,22.44,8.99
635,yablonovo,75,RU,1553119200,93,50.85,37.36,35.6,4.47
636,kostomuksha,88,RU,1553122090,87,64.59,30.6,25.77,3.62
637,caravelas,0,BR,1553122026,100,-17.73,-39.27,83.82,9.22
640,sayyan,0,YE,1553122090,81,15.17,44.32,44.22,1.39
641,poso,0,ID,1553122090,100,-1.4,120.75,81.12,3.85
642,acapulco,5,MX,1553118360,70,16.86,-99.88,84.2,9.17
643,kazanskaya,0,RU,1553121917,86,45.41,40.44,41,7.43
644,dhidhdhoo,92,MV,1553122091,96,6.88,73.1,85.35,12.24
645,almansa,20,ES,1553122058,87,38.87,-1.1,46,5.82
646,maldonado,40,UY,1553119200,72,-34.91,-54.96,60.8,20.8
647,manzanillo,0,CU,1553122091,98,20.34,-77.12,81.21,12.01
648,leningradskiy,68,RU,1553122092,93,69.38,178.42,-1.59,23.98
649,hibbing,90,US,1553121984,69,47.43,-92.94,39.99,13.87
650,loding,0,DE,1553122090,82,48.05,12.68,35.01,5.82
651,ouadda,0,CF,1553122092,29,8.07,22.4,78.42,11.01
652,severo-yeniseyskiy,68,RU,1553121815,81,60.37,93.04,18.57,3.96
653,furtwangen,0,DE,1553122069,59,48.05,8.22,42.01,3.36
654,kentau,24,KZ,1553122092,61,43.52,68.5,23.79,1.61
655,hagere hiywet,36,ET,1553122093,50,8.98,37.85,51.87,3.96
656,san luis rio colorado,75,MX,1553122083,30,32.47,-114.76,73.4,12.75
657,abong mbang,68,CM,1553122094,73,3.98,13.18,74.91,4.85
659,kilingi-nomme,0,EE,1553122094,91,58.15,24.96,33.78,9.89
660,tocopilla,0,CL,1553122094,100,-22.09,-70.2,63.03,3.74
661,nicoya,20,CR,1553119200,49,10.15,-85.45,89.6,26.4
662,buenaventura,76,CO,1553122095,96,3.89,-77.07,71.94,2.39
663,arkhipo-osipovka,0,RU,1553122095,84,44.37,38.53,41.07,4.29
664,jalu,0,LY,1553122095,33,29.03,21.55,73.65,14.25
665,cockburn town,0,TC,1553121806,96,21.46,-71.14,79.77,2.95
666,shingu,88,JP,1553122095,98,33.72,135.99,62.31,21.85
667,pavlodar,0,KZ,1553119200,92,52.28,76.96,14,4.47
668,iquitos,40,PE,1553119200,319,-3.75,-73.25,42.8,5.82
669,tilichiki,32,RU,1553122096,81,60.47,166.1,18.84,7.65
670,beatrice,40,US,1553121880,51,40.27,-96.75,59,18.34
671,ketchikan,75,US,1553118960,50,55.34,-131.65,57.2,4.7
672,catazaja,90,MX,1553118120,69,17.73,-92.02,82.4,12.01
673,stokmarknes,40,NO,1553122069,96,68.56,14.91,39.2,13.87
674,barra da estiva,36,BR,1553122097,90,-13.63,-41.33,74.19,1.05
675,waingapu,80,ID,1553122097,93,-9.65,120.26,77.16,9.44
677,half moon bay,20,US,1553121804,67,37.46,-122.43,63,8.05
678,tazovskiy,88,RU,1553122097,91,67.47,78.7,28.38,16.15
679,haapiti,75,PF,1553121796,70,-17.57,-149.87,86,6.93
680,jelenia gora,12,PL,1553122024,89,50.9,15.73,36,5.3
681,sakaiminato,75,JP,1553122094,67,35.55,133.23,62.6,17.22
682,praia,20,BR,1553119200,83,-20.25,-43.81,73.4,3.36
683,flinders,40,AU,1553122025,94,-34.58,150.85,72,6.93
684,barreiras,44,BR,1553122098,93,-12.14,-45,72.66,3.06
685,ramnagar,48,IN,1553122099,68,27.17,84.33,62.22,3.85
686,bucsa,0,HU,1553121914,47,47.2,21,42.8,2.24
687,bandarban,0,BD,1553122099,89,22.2,92.22,62.67,2.39
688,longyearbyen,40,NO,1553118600,68,78.22,15.63,28.4,5.82
689,kautokeino,12,NO,1553122099,61,69.01,23.04,8.31,4.18
691,sisimiut,20,GL,1553122099,52,66.94,-53.67,-19.23,1.95
692,namie,75,JP,1553122026,76,37.52,140.86,52,14.99
693,saldanha,0,PT,1553122100,62,41.42,-6.55,41.52,10.11
694,lorengau,48,PG,1553122100,100,-2.02,147.27,82.65,8.99
695,constantine,75,DZ,1553119200,93,36.36,6.61,41,11.41
696,sao felix do xingu,24,BR,1553122100,99,-6.64,-51.99,73.74,2.51
697,akdepe,0,TM,1553119200,71,42.05,59.39,53.6,6.93
698,cartago,75,CR,1553121932,64,9.86,-83.92,77,17.22
699,faanui,0,PF,1553122102,100,-16.48,-151.75,84.81,3.06
700,lakatoro,76,VU,1553122102,75,-16.11,167.42,86.43,5.86
701,itarema,88,BR,1553121987,88,-2.92,-39.92,79.59,5.19
702,kapit,36,MY,1553122102,94,2.02,112.94,75,2.51
703,moen,64,NO,1553121994,92,69.13,18.61,37.4,24.16
704,shillong,40,IN,1553119200,88,25.58,91.88,66.2,3.51
705,calamar,64,CO,1553122103,86,1.96,-72.65,77.07,1.05
706,tarakan,75,ID,1553119200,94,3.3,117.63,75.2,1.12
707,san buenaventura,40,MX,1553118604,38,27.06,-101.55,75.99,12.75
708,adwa,0,ET,1553122103,89,14.16,38.9,47.91,2.62
709,san pablo,20,PH,1553121938,69,14.07,121.33,78.8,4.7
710,bouna,68,CI,1553122105,93,9.27,-3,72.48,8.1
711,opotiki,0,NZ,1553121627,57,-38.01,177.29,72,1.99
712,campbell river,20,CA,1553121921,26,50.02,-125.24,69.8,5.82
714,medea,40,DZ,1553119200,87,36.27,2.77,48.2,4.7
715,bosaso,0,SO,1553122105,100,11.28,49.18,76.35,3.06
717,spencer,1,US,1553121998,93,43.14,-95.14,50,18.34
718,yumen,0,CN,1553122106,64,40.29,97.04,16.14,2.39
719,suntar,36,RU,1553122106,69,62.16,117.65,-1.59,2.51
720,coihaique,0,CL,1553119200,58,-45.58,-72.07,57.2,5.82
721,afsin,0,TR,1553122107,71,38.25,36.91,24.96,2.62
722,poronaysk,56,RU,1553122107,85,49.22,143.1,13.35,3.62
723,fairbanks,90,US,1553122001,73,64.84,-147.72,39.99,11.56
724,talcahuano,0,CL,1553119200,59,-36.72,-73.12,60.8,16.11
725,sechura,8,PE,1553122108,71,-5.56,-80.82,79.86,11.01
727,sinnar,0,IN,1553122109,77,19.85,74,53.94,2.28
728,road town,40,VG,1553121732,83,18.42,-64.62,80.6,8.05
729,ayagoz,0,KZ,1553122110,85,47.96,80.43,12.27,12.24
731,mujiayingzi,68,CN,1553122111,84,42.12,118.78,20.82,16.71
732,barcelos,0,PT,1553121760,93,41.53,-8.62,55,3.36
733,matsusaka,75,JP,1553119200,87,34.59,136.54,57.2,12.75
734,hirara,75,JP,1553119200,88,24.8,125.28,75.2,10.29
735,ust-maya,0,RU,1553122111,50,60.42,134.54,-3.48,3.74
736,keti bandar,0,PK,1553122112,98,24.14,67.45,73.47,10.78
737,vilhena,20,BR,1553119200,78,-12.74,-60.15,78.8,6.93
738,ixtapa,5,MX,1553121904,74,20.71,-105.21,78.8,14.99
740,telemaco borba,92,BR,1553122112,96,-24.32,-50.62,64.56,3.18
741,oyama,75,JP,1553121839,67,36.31,139.8,63,9.17
742,shakiso,0,ET,1553122112,69,5.77,38.9,55.83,2.95
743,marquette,90,US,1553122081,100,46.54,-87.4,36,10.29
744,ambuclao,8,PH,1553122113,66,16.48,120.75,72.39,3.18
745,casa grande,1,US,1553122091,13,32.88,-111.76,84.99,13.87
746,neumunster,76,DE,1553122104,93,54.07,9.98,48.99,5.82
747,balikpapan,40,ID,1553121000,94,-1.24,116.86,80.6,4.7
748,falam,0,MM,1553122114,83,22.91,93.68,50.34,1.95
749,dolores,0,AR,1553122114,79,-36.31,-57.68,51.87,7.99
750,anadyr,0,RU,1553119200,75,64.73,177.51,-16.61,11.18
751,kanniyakumari,0,IN,1553122114,99,8.08,77.57,83.55,6.31
